Steps,Policy/Entropy,Policy/Learning Rate,Environment/Cumulative Reward,Environment/Episode Length,Policy/Extrinsic Value Estimate,Policy/Curiosity Value Estimate,Policy/Extrinsic Reward,Policy/Curiosity Reward
10000,17.026884,9.991425e-05,0.10714014474865344,71.53237410071942,-0.07087579,-0.013633356,0.10523845131198566,0.0
20000,17.026932,9.9697725e-05,0.18375156032187598,93.4952380952381,-0.06677309,-0.008182182,0.18737632355519704,0.0
30000,17.026283,9.9499724e-05,0.20812761407307903,101.55555555555556,-0.06870558,-0.012145494,0.20630862074668962,0.0
