Steps,Policy/Entropy,Policy/Learning Rate,Environment/Cumulative Reward,Environment/Episode Length,Policy/Extrinsic Value Estimate,Policy/Curiosity Value Estimate,Policy/Extrinsic Reward,Policy/Curiosity Reward
10000,1.4189384,0.00049953675,0.4113530483172864,179.46938775510205,0.5317892,-5.3602223,0.4113530483172864,0.0
20000,1.4189273,0.0004985017,0.5143886259416255,213.0,1.0755434,-5.857315,0.5143886264867898,14.268292682926829
