Steps,Policy/Entropy,Policy/Learning Rate,Environment/Cumulative Reward,Environment/Episode Length,Policy/Extrinsic Value Estimate,Policy/Curiosity Value Estimate,Policy/Extrinsic Reward,Policy/Curiosity Reward
4010000,1.4278108,9.937721e-05,-0.041095589873967345,46.18518518518518,-0.01348369,3.028562,-0.041095589873967345,0.0
4020000,1.4278107,9.850059e-05,0.016836938369705016,130.86746987951807,-0.0137097975,2.2442935,0.016513652190929505,0.0
4030000,1.4273751,9.748981e-05,-0.002925411318287705,101.88888888888889,-0.01889728,2.2469199,-0.0024626931548118593,5.646671475991607
