{
  "name": "root",
  "gauges": [
    {
      "name": "SpiderBrain.mean_reward",
      "value": 0.3190849672325633,
      "min": 0.3190849672325633,
      "max": 0.3190849672325633,
      "count": 1
    }
  ],
  "total": 70.78934919999999,
  "count": 1,
  "self": 11.391927899999942,
  "children": [
    {
      "name": "demo_to_buffer",
      "total": 0.13897479999999973,
      "count": 1,
      "self": 0.00021000000000093166,
      "children": [
        {
          "name": "load_demonstration",
          "total": 0.08153289999999913,
          "count": 1,
          "self": 0.08145559999999996,
          "children": [
            {
              "name": "read_file",
              "total": 7.72999999991697e-05,
              "count": 1,
              "self": 7.72999999991697e-05
            }
          ]
        },
        {
          "name": "make_demo_buffer",
          "total": 0.05723189999999967,
          "count": 1,
          "self": 0.02100430000001019,
          "children": [
            {
              "name": "batched_step_result_from_proto",
              "total": 0.03622759999998948,
              "count": 600,
              "self": 0.01297619999997579,
              "children": [
                {
                  "name": "_process_vector_observation",
                  "total": 0.02325140000001369,
                  "count": 600,
                  "self": 0.02325140000001369
                }
              ]
            }
          ]
        }
      ]
    },
    {
      "name": "TrainerController.advance",
      "total": 59.25844650000005,
      "count": 541,
      "self": 0.010431700000040678,
      "children": [
        {
          "name": "env_step",
          "total": 50.575272800000036,
          "count": 541,
          "self": 49.774181899999995,
          "children": [
            {
              "name": "SubprocessEnvManager._take_step",
              "total": 0.7939194000000196,
              "count": 541,
              "self": 0.029297499999978882,
              "children": [
                {
                  "name": "PPOPolicy.evaluate",
                  "total": 0.7646219000000407,
                  "count": 541,
                  "self": 0.7646219000000407
                }
              ]
            },
            {
              "name": "workers",
              "total": 0.007171500000021425,
              "count": 541,
              "self": 0.0,
              "children": [
                {
                  "name": "worker_root",
                  "total": 62.16001220000012,
                  "count": 541,
                  "is_parallel": true,
                  "self": 13.20036960000013,
                  "children": [
                    {
                      "name": "batched_step_result_from_proto",
                      "total": 0.0009015999999997248,
                      "count": 1,
                      "is_parallel": true,
                      "self": 0.00011209999999994835,
                      "children": [
                        {
                          "name": "_process_vector_observation",
                          "total": 0.0007894999999997765,
                          "count": 1,
                          "is_parallel": true,
                          "self": 0.0007894999999997765
                        }
                      ]
                    },
                    {
                      "name": "UnityEnvironment.step",
                      "total": 48.95874099999999,
                      "count": 541,
                      "is_parallel": true,
                      "self": 0.1092177000000234,
                      "children": [
                        {
                          "name": "UnityEnvironment._generate_step_input",
                          "total": 0.17767130000000186,
                          "count": 541,
                          "is_parallel": true,
                          "self": 0.17767130000000186
                        },
                        {
                          "name": "communicator.exchange",
                          "total": 48.32954530000004,
                          "count": 541,
                          "is_parallel": true,
                          "self": 48.32954530000004
                        },
                        {
                          "name": "batched_step_result_from_proto",
                          "total": 0.34230669999992536,
                          "count": 541,
                          "is_parallel": true,
                          "self": 0.049602799999950875,
                          "children": [
                            {
                              "name": "_process_vector_observation",
                              "total": 0.2927038999999745,
                              "count": 541,
                              "is_parallel": true,
                              "self": 0.2927038999999745
                            }
                          ]
                        }
                      ]
                    }
                  ]
                }
              ]
            }
          ]
        },
        {
          "name": "trainer_advance",
          "total": 8.672741999999968,
          "count": 541,
          "self": 0.025203000000090015,
          "children": [
            {
              "name": "process_trajectory",
              "total": 2.18458039999987,
              "count": 541,
              "self": 2.18458039999987
            },
            {
              "name": "_update_policy",
              "total": 6.462958600000007,
              "count": 1,
              "self": 2.260353700000053,
              "children": [
                {
                  "name": "PPOPolicy.update",
                  "total": 4.202604899999955,
                  "count": 14,
                  "self": 4.202604899999955
                }
              ]
            }
          ]
        }
      ]
    }
  ]
}