{"count":1,"gauges":{"SpiderBrain.CumulativeReward":{"count":74,"max":0.7029877,"min":-0.09607849,"value":0.0526107773,"weightedAverage":0.18204844}},"self":47.188281599999996,"total":62.0159835,"children":{"AgentSendState":{"count":4951,"self":0.0970654,"total":0.3386605,"children":{"CollectObservations":{"count":17856,"self":0.041137599999999996,"total":0.041137599999999996,"children":null},"AgentInfo.ToProto":{"count":17856,"self":0.0632403,"total":0.20045749999999998,"children":{"GenerateSensorData":{"count":17856,"self":0.13721719999999998,"total":0.13721719999999998,"children":null}}}}},"DecideAction":{"count":4951,"self":14.222424,"total":14.222423899999999,"children":null},"AgentAct":{"count":4951,"self":0.2646118,"total":0.2656274,"children":{"AgentInfo.ToProto":{"count":74,"self":0,"total":0.0010156,"children":{"GenerateSensorData":{"count":74,"self":0.0010156,"total":0.0010156,"children":null}}}}}}}